Residential,سكني
Commercial,تجاري
Mixed,مختلط
Head Lease (Master Lease),الإيجار الرئيسي (استثماري)
Owner (Supplier),المالك (مورّد)
Head Landlord (Supplier),المالك الأصلي (مورّد)
Real Estate,العقارات
Masters,البيانات الأساسية
Leasing,التأجير
Reports,التقارير
Settings,الإعدادات
Property,عقار
Real Estate Unit,وحدة عقارية
Lease Contract,عقد إيجار
Rent Schedule,جدول الإيجار
Real Estate Settings,إعدادات العقارات
Lease Termination,إنهاء عقد الإيجار
Owner Payout,مستحقات المالك
Head Lease Schedule,جدول الإيجار الرئيسي
Lease Unit,وحدة العقد
Lease Deduction,استقطاع من الضمان
Charge,مطالبة مالية
Charge Type,نوع المطالبة
RE Business Type,نوع النشاط
RE Property Type,نوع العقار
RE Ownership Type,نوع الملكية
RE Management Model,نموذج الإدارة
RE Revenue Model,نموذج الإيراد
RE Contract Kind,صنف العقد
Rent Roll,سجل الإيجارات
Occupancy Summary,ملخّص الإشغال
Basics,الأساسيات
Operation & Owner,التشغيل والمالك
Location,الموقع
Owner,المالك
Geo,الإحداثيات
Notes,ملاحظات
Property Name,اسم العقار
Code,الرمز
Business Type,نوع النشاط
Property Type,نوع العقار
Ownership Type,نوع الملكية
Residential Subtype,التصنيف السكني
Deed Number,رقم الصك
Construction Year,سنة البناء
Total Area (sqm),المساحة الإجمالية (م²)
Floors Count,عدد الطوابق
VAT Treatment,معاملة الضريبة
Management Model,نموذج الإدارة
Management Fee %,نسبة رسوم الإدارة %
Head-lease Annual Rent,الإيجار السنوي للإيجار الرئيسي
Head-lease Billing Cycle,دورة فوترة الإيجار الرئيسي
Head-lease Start,بداية الإيجار الرئيسي
Head-lease End,نهاية الإيجار الرئيسي
Owner Name,اسم المالك
Owner Phone,جوال المالك
Owner ID Number,رقم هوية المالك
Owner Email,بريد المالك الإلكتروني
Owner IBAN,آيبان المالك
Owner Nationality,جنسية المالك
Owner Date of Birth,تاريخ ميلاد المالك
Owner Address,عنوان المالك
Building No,رقم المبنى
Latitude,خط العرض
Longitude,خط الطول
Unit Number,رقم الوحدة
Unit Type,نوع الوحدة
Floor,الطابق
Furnished,مفروشة
Area (sqm),المساحة (م²)
Rooms,عدد الغرف
Bathrooms,دورات المياه
Market Rent (Annual),إيجار السوق (سنوي)
Deposit,التأمين
Living Rooms,غرف المعيشة
View,الإطلالة
AC Units,عدد المكيفات
Has Kitchen,يوجد مطبخ
Balconies,الشُرَف
Parking Spots,مواقف السيارات
Kitchen Type,نوع المطبخ
Unit Template,نموذج الوحدة
Electricity Meter No,رقم عداد الكهرباء
Water Meter No,رقم عداد المياه
Furniture Details,تفاصيل الأثاث
Current Lease,العقد الحالي
Amenities,المرافق
Utilities & Notes,الخدمات والملاحظات
Contract,العقد
Units & Rent,الوحدات والإيجار
Parties,الأطراف
Deed & Activity,الصك والنشاط
Financials,الماليات
Terms & Details,الشروط والتفاصيل
Ejar / Tax,إيجار / الضريبة
One-time Fees (optional),رسوم لمرة واحدة (اختياري)
Billing & Deposit,الفوترة والتأمين
Utilities (annual),الخدمات (سنوي)
Obligations & Terms,الالتزامات والشروط
Ejar Details,تفاصيل إيجار
Import Existing Contract,استيراد عقد قائم
More,المزيد
Tenant (Customer),المستأجر (عميل)
Contract Type,نوع العقد
Contract Subtype,التصنيف الفرعي للعقد
Contract Kind,صنف العقد
Revenue Model,نموذج الإيراد
Start Date,تاريخ البداية
End Date,تاريخ النهاية
Billing Cycle,دورة الفوترة
Tenant VAT Number,الرقم الضريبي للمستأجر
Ejar Contract No,رقم عقد إيجار
Auto Renew,تجديد تلقائي
Units,الوحدات
Annual Rent Total,إجمالي الإيجار السنوي
Deposit (Agreed),التأمين (المتفق عليه)
Deposit Received,التأمين المستلم
Deposit Received Date,تاريخ استلام التأمين
Deposit Entry,قيد التأمين
Deposit Refunded,التأمين المسترد
Refund Entry,قيد الاسترداد
Lessor Org Type,نوع كيان المؤجِّر
Lessor Company,شركة المؤجِّر
Lessor CR No,رقم السجل التجاري للمؤجِّر
Lessor Unified No (700),الرقم الموحّد للمؤجِّر (700)
Lessor VAT No,الرقم الضريبي للمؤجِّر
Tenant Org Type,نوع كيان المستأجر
Tenant Company,شركة المستأجر
Tenant CR No,رقم السجل التجاري للمستأجر
Tenant Unified No (700),الرقم الموحّد للمستأجر (700)
Broker Company,شركة الوسيط
Broker CR No,رقم السجل التجاري للوسيط
Broker Employee,موظف الوسيط
Guarantor Name,اسم الضامن
Guarantor ID,هوية الضامن
Guarantor Phone,جوال الضامن
Deed No,رقم الصك
Deed Type,نوع الصك
Deed Issuer,جهة إصدار الصك
Deed Issue Date,تاريخ إصدار الصك
Business Name,اسم النشاط
Business CR No,السجل التجاري للنشاط
ISIC Activity,نشاط أيسيك (ISIC)
License No,رقم الترخيص
Brokerage Fee,أتعاب السعي
General Services,خدمات عامة
Waste Removal,إزالة النفايات
Engineering Supervision,إشراف هندسي
Unit Finishing,تشطيب الوحدة
Payment Day,يوم السداد
Retainer (عربون),العربون
Extra Security Deposit,تأمين إضافي
Payment Methods,طرق الدفع
Electricity (annual),الكهرباء (سنوي)
Water (annual),المياه (سنوي)
Gas (annual),الغاز (سنوي)
Parking (annual),المواقف (سنوي)
Parking Lots Rented,عدد المواقف المؤجرة
Lessor Obligations,التزامات المؤجِّر
Tenant Obligations,التزامات المستأجر
Additional Terms,شروط إضافية
Sealing Date,تاريخ التوثيق
Hijri Start,البداية (هجري)
Hijri End,النهاية (هجري)
Conditional Contract,عقد مشروط
Condition,الشرط
Import Total,إجمالي الاستيراد
Import Installments,عدد أقساط الاستيراد
"Historical Seed (opening balance, no back-dated invoices)",رصيد افتتاحي (بدون فواتير بأثر رجعي)
Renewed From,مُجدَّد من
Period No,رقم الفترة
Period Start,بداية الفترة
Period End,نهاية الفترة
Due Date,تاريخ الاستحقاق
Rent (ex-VAT),الإيجار (بدون ضريبة)
Prorated,محسوب بالتناسب
Invoice Status,حالة الفاتورة
Amount,المبلغ
Rent Base,أساس الإيجار
Management Fee (company keeps),رسوم الإدارة (تحتفظ بها الشركة)
From Date,من تاريخ
To Date,إلى تاريخ
Termination Date,تاريخ الإنهاء
Deposit Held,التأمين المحتجز
Deductions,الاستقطاعات
Total Deductions,إجمالي الاستقطاعات
Net Refund,صافي المسترد
Refund From (Bank/Cash),الاسترداد من (بنك/نقد)
Settlement Entry,قيد التسوية
Income Account,حساب الإيراد
Kind,النوع
Unit,الوحدة
Annual Rent,الإيجار السنوي
Default Cost Center,مركز التكلفة الافتراضي
Rent Income Account,حساب إيراد الإيجار
Receivable Account,حساب المدينين
Tenant Security Deposit Account (Liability),حساب تأمينات المستأجرين (التزام)
Default Rent Item,صنف الإيجار الافتراضي
Head-Lease Item (Master Lease expense),صنف الإيجار الرئيسي (مصروف الاستئجار الرئيسي)
Owner Payout Expense Account (Management),حساب مصروف مستحقات المالك (الإدارة)
Commercial VAT Template (15%),قالب ضريبة تجاري (15%)
Residential Template (Exempt / Zero-rated),قالب سكني (معفى / صفري)
Auto-submit rent invoices on due date (accrual),ترحيل فواتير الإيجار تلقائيًا في تاريخ الاستحقاق (استحقاق)
Invoice Lead Days,أيام تقديم الفاتورة
Party Type,نوع الطرف
Party,الطرف
Tax Template,قالب الضريبة
Reference Document Type,نوع المستند المرجعي
Reference Name,اسم المرجع
Remarks,ملاحظات
Service Item,صنف الخدمة
Default Amount,المبلغ الافتراضي
Taxable (VAT),خاضع للضريبة
Rule (future Formula Engine),القاعدة (محرك المعادلات مستقبلاً)
Condition (future),الشرط (مستقبلي)
Rate Formula (future),معادلة القيمة (مستقبلي)
Behavior (engine key),السلوك (مفتاح المحرك)
Amounts,المبالغ
Reference,المرجع
Deposit Settlement,تسوية التأمين
Refund,الاسترداد
Source,المصدر
Invoice,الفاتورة
Accounting Defaults,الإعدادات المحاسبية الافتراضية
Items,الأصناف
Tax (Saudi VAT),الضريبة (ضريبة القيمة المضافة)
Invoicing Policy,سياسة الفوترة
Families,عائلات
Singles,عزّاب
Group,مجموعة
Inactive,غير نشط
Semi-Annual,نصف سنوي
Apartment,شقة
Shop,محل
Office,مكتب
Villa,فيلا
Warehouse,مستودع
Land Plot,قطعة أرض
Other,أخرى
Vacant,شاغرة
Occupied,مؤجّرة
Reserved,محجوزة
Maintenance,صيانة
Street,شارع
Garden,حديقة
Sea,بحر
City,مدينة
Internal,داخلية
Open,مفتوح
Closed,مغلق
American,أمريكي
None,بدون
New,جديد
Renewal,تجديد
Transfer,نقل
Expired,منتهٍ
Renewed,مُجدَّد
Individual,فرد
Government,حكومي
Non-profit,غير ربحي
Paper,ورقي
Electronic,إلكتروني
Planned,مخطّط
Invoiced,مُفوتر
Failed,فشل
Posted,مُرحَّل
Settled,مُسوّى
Pending,معلّق
Fee,رسم
Utility,خدمة
Penalty,غرامة
Discount,خصم
Cleaning,تنظيف
Damage,أضرار
Unpaid Rent,إيجار غير مسدد
Unpaid Utilities,خدمات غير مسددة
Key Replacement,استبدال مفاتيح
Early Exit,إخلاء مبكر
Standard,قياسي
Exempt,معفى
Zero-rated,صفري
Generate Due Invoices,توليد الفواتير المستحقة
Post Fee Charges,ترحيل رسوم الأتعاب
Record Deposit,تسجيل التأمين
Refund Deposit,استرداد التأمين
Renew,تجديد
Terminate,إنهاء
Rent,الإيجار
Lifecycle,دورة الحياة
Renew Lease,تجديد العقد
Rent Increase %,نسبة زيادة الإيجار %
Duration in months (blank = same as current),المدة بالأشهر (فارغ = نفس الحالية)
Create Renewal,إنشاء تجديد
Record Security Deposit,تسجيل التأمين
Refund Security Deposit,استرداد التأمين
Received Into (Bank/Cash),مُستلم في (بنك/نقد)
Refunded From (Bank/Cash),مُسترد من (بنك/نقد)
Record,تسجيل
Create Units,إنشاء وحدات
Bulk Create Units,إنشاء وحدات دفعة واحدة
Number of Units,عدد الوحدات
Start Number,رقم البداية
Unit No Prefix,بادئة رقم الوحدة
Create,إنشاء
Generate Head-Lease Schedule,توليد جدول الإيجار الرئيسي
Post Due Head-Lease Bills,ترحيل فواتير الإيجار الرئيسي المستحقة
Head Lease,الإيجار الرئيسي
Post Payout,ترحيل المستحقات
From,من
To,إلى
Total Units,إجمالي الوحدات
Occupancy %,نسبة الإشغال %
Lease,العقد
Tenant,المستأجر
Type,النوع
Start,البداية
End,النهاية
Maintenance Request,طلب صيانة
Maintenance Work Order,أمر عمل صيانة
Maintenance Work Order Item,بند أمر العمل
RE Maintenance Category,تصنيف الصيانة
Subject,الموضوع
Priority,الأولوية
Category,التصنيف
Reported On,تاريخ الإبلاغ
Contact Phone,هاتف التواصل
Resolution Notes,ملاحظات الحل
Resolved On,تاريخ الحل
Assigned To,مُسند إلى
Assigned To (User),مُسند إلى (مستخدم)
Contractor (Supplier),المقاول (مورّد)
Contractor Phone,هاتف المقاول
Work Items,بنود العمل
Total Cost,التكلفة الإجمالية
Scheduled Date,التاريخ المجدول
Item / Work,البند / العمل
Qty,الكمية
Rate,السعر
Default Priority,الأولوية الافتراضية
Details,التفاصيل
Resolution,الحل
Assignment,الإسناد
Work,العمل
Low,منخفضة
Medium,متوسطة
High,عالية
Urgent,عاجلة
Assigned,مُسنَد
In Progress,قيد التنفيذ
On Hold,قيد الانتظار
Resolved,تم الحل
Done,منجز
Rent Collections,مستحقات التحصيل
Collection Notification,تذكير تحصيل
Late Fees & Collections,الغرامات والتحصيل
Enable Automatic Late Fees,تفعيل غرامات التأخير التلقائية
Late Fee Charge Type,نوع مطالبة الغرامة
Grace Days,أيام السماح
Late Fee Type,نوع الغرامة
Late Fee Value,قيمة الغرامة
Late Fee Cap,الحد الأقصى للغرامة
Percentage of Overdue,نسبة من المتأخر
Fixed Amount,مبلغ ثابت
Late Fee Charge,مطالبة الغرامة
Channel,القناة
Outstanding Amount,المبلغ المستحق
Sent On,تاريخ الإرسال
Message,الرسالة
WhatsApp,واتساب
SMS,رسالة نصية
Email,بريد إلكتروني
Outstanding,المستحق
Days Overdue,أيام التأخر
Post Late Fees,ترحيل غرامات التأخير
WhatsApp Dues,تذكير واتساب بالمستحقات
Collections,التحصيل
Real Estate Dashboard,لوحة العقارات
Dashboard,لوحة المعلومات
Real Estate Overview,نظرة عامة على العقارات
"Occupancy, leases and collections at a glance",الإشغال والعقود والتحصيل في لمحة
Rent Scheduled (last 12 months),الإيجار المجدول (آخر 12 شهراً)
Rent Scheduled,الإيجار المجدول
Top Overdue,أعلى المتأخرات
No overdue balances,لا توجد متأخرات
Could not load the dashboard,تعذّر تحميل اللوحة
Overdue,متأخرات
Active Leases,العقود النشطة
Vacant Units,الوحدات الشاغرة
Properties,العقارات
Tenant Portal,بوابة المستأجر
Total Outstanding,إجمالي المستحق
Report an Issue,الإبلاغ عن مشكلة
My Leases,عقودي
My Invoices,فواتيري
Date,التاريخ
No leases found.,لا توجد عقود.
No invoices found.,لا توجد فواتير.
Submit Request,إرسال الطلب
Request submitted:,تم إرسال الطلب:
Reporting an issue requires an active lease.,الإبلاغ عن مشكلة يتطلب عقداً نشطاً.
Your account is not linked to a tenant yet. Please contact the property office.,حسابك غير مرتبط بمستأجر بعد. يرجى التواصل مع مكتب العقار.
Please describe the issue.,يرجى وصف المشكلة.
No active lease found for your account.,لا يوجد عقد نشط مرتبط بحسابك.
New Property,عقار جديد
Create New Property,إنشاء عقار جديد
3 easy steps • Basics → Owner & Operation → Units,3 خطوات سهلة • أساسيات ← المالك والتشغيل ← الوحدات
Owner & Operation & Location,المالك + التشغيل + الموقع
Generate Units,توليد الوحدات
Step 1: Basics,الخطوة 1: الأساسيات
"Property identity: name, code, deed, type.",معلومات تعريف العقار: الاسم، الكود، الصك، النوع.
e.g. Al-Suwaidi Building,مثال: عمارة السويدي
Code (internal reference),كود العقار (مرجع داخلي)
"Buildings, apartments, villas",عمارات سكنية، شقق، فلل
"Offices, shops, warehouses",مكاتب، محلات، مستودعات
Shops below + apartments above,محلات أسفل + شقق فوق
Step 2: Owner + Operation + Location,الخطوة 2: المالك + التشغيل + الموقع
"Choose the owner, operation type and location.",حدّد المالك ونوع التشغيل وموقع العقار.
Operation Type,نوع تشغيل العقار
Investment (Owned),استثمار (ملك)
Owned outright — all income is yours,العقار ملكي، كل الإيراد لي
Property Management,إدارة أملاك
Owned by another — you take a %,العقار لشخص آخر أنا أتقاضى نسبة من الإيراد
Master Lease,استثماري
Rent the whole building then sublet,أستأجر المبنى كاملاً من مالكه وأعيد تأجير وحداته
Your share of income %,نسبتك من الإيراد %
Owner Details,بيانات المالك
Nationality,الجنسية
District,الحي
Postal Code,الرمز البريدي
Property Notes,ملاحظات العقار
Step 3: Building Composition,الخطوة 3: تكوين المبنى
Pick a preset or configure floors — the live preview updates as you go.,اختر قالباً جاهزاً أو اضبط الأدوار — تتحدّث المعاينة أمامك مباشرة.
Quick Preset,قالب جاهز (سريع)
1 unit • 5 rooms,وحدة واحدة • 5 غرف
Residential Building,عمارة سكنية
4 floors × 4 apartments,4 أدوار × 4 شقق
Shops + offices + apartments,محلات + مكاتب + شقق
Office Tower,برج مكاتب
5 floors × 6 offices,5 أدوار × 6 مكاتب
Building Preview,معاينة المبنى
All floors identical,كل الأدوار متشابهة
Add Floor,إضافة دور
Another type on this floor,نوع آخر بنفس الدور
Count,العدد
Living,صالة
Baths,حمامات
Area,المساحة
Rent/mo,إيجار/شهر
units,وحدة
Floors,الأدوار
Expected Monthly Rent,إيجار شهري متوقع
Previous,السابق
Next,التالي
Create Property + Units,إنشاء العقار + الوحدات
Property name is required.,اسم العقار مطلوب.
Owner name is required.,اسم المالك مطلوب.
Creating property and units...,جارٍ إنشاء العقار والوحدات...
Created {0} with {1} unit(s),تم إنشاء {0} مع {1} وحدة
New Lease,عقد جديد
Create New Lease,إنشاء عقد إيجار جديد
Saudi Ejar-style • Residential (exempt) or Commercial (15% VAT + ZATCA),مطابق لمنصة إيجار السعودية • سكني (بدون ضريبة) أو تجاري (مع ضريبة 15% + فاتورة ZATCA)
Lessor,المؤجر
Broker,الوسيط
Review & Publish,المراجعة والنشر
Step 1: Contract Type & Basics,الخطوة 1: نوع العقد والمعلومات الأساسية
Choose the contract type (drives VAT) and the unit(s) and dates.,اختر نوع العقد (يحدّد تطبيق الضريبة) وحدّد الوحدة والتواريخ.
"Individuals — apartments, villas • no VAT",للأفراد — شقق، فلل، استوديوهات • بدون ضريبة
"Companies — offices, shops • 15% VAT + ZATCA",للشركات — مكاتب، محلات، مستودعات • ضريبة 15% + فاتورة ZATCA
Select property,اختر العقار
Select unit,اختر الوحدة
Annual rent,الإيجار السنوي
Add,إضافة
yr,سنة
Tenant Name,اسم المستأجر
Tenant Phone,جوال المستأجر
Step 2: Lessor (Owner),الخطوة 2: المؤجر (المالك)
The lessor may be an individual or a company.,المؤجر قد يكون فرداً أو شركة.
Company Details,بيانات الشركة
Company,شركة
Step 3: Tenant,الخطوة 3: المستأجر
Individual or company. Commercial contracts require a VAT number.,فرد أو شركة. العقود التجارية يلزمها رقم ضريبي.
Guarantor (optional),الضامن (اختياري)
Step 4: Broker (optional),الخطوة 4: الوسيط العقاري (اختياري)
"If a broker mediated the contract, add their details.",لو كان هناك وسيط عقاري، أدخل بياناته.
Step 5: Deed & Business Activity,الخطوة 5: الصكوك والنشاط التجاري
"Title deed info; for commercial contracts, activity details.",معلومات صك الملكية وللعقود التجارية تفاصيل النشاط.
Title Deed (الصك),صك الملكية
Business Activity (النشاط),النشاط التجاري
Step 6: Financial Terms,الخطوة 6: الشروط المالية
"Billing cycle, fees and utilities. VAT is derived from the contract type.",دورة الفوترة والرسوم والمرافق. الضريبة تُحسب من نوع العقد.
Rent Summary,ملخص الإيجار
15% — Commercial,15% — تجاري
Exempt — Residential (0%),معفى — سكني (0%)
Installments,عدد الأقساط
Per Installment,قيمة القسط
VAT,الضريبة
Total incl. VAT,الإجمالي شامل الضريبة
One-time Fees (outside contract value),رسوم لمرة واحدة (خارج قيمة العقد)
Annual Utilities,المرافق السنوية
Obligations (optional),الالتزامات (اختياري)
Step 7: Review & Publish,الخطوة 7: المراجعة والنشر
Review before saving; you can go back to any step.,راجع قبل الحفظ، يمكنك العودة لأي خطوة.
Activate contract now (generates the rent schedule),تفعيل العقد الآن (يولّد جدول الإيجار)
Create Contract,إنشاء العقد
Contract {0} created,تم إنشاء العقد {0}
Creating contract...,جارٍ إنشاء العقد...
Select a unit.,اختر وحدة.
Add at least one unit.,أضف وحدة واحدة على الأقل.
Tenant name is required.,اسم المستأجر مطلوب.
Start and end dates are required.,تاريخ البداية والنهاية مطلوبان.
"A commercial contract requires the tenant VAT number (15 digits, starts & ends with 3).",العقد التجاري يلزمه الرقم الضريبي للمستأجر (15 رقماً يبدأ وينتهي بـ3).
Loading…,جارٍ التحميل…
Land,أرض
Land Contract,عقد أرض
Land Name,اسم الأرض
Land Type,نوع الأرض
Available,متاحة
Leased,مؤجّرة
Under Development,تحت التطوير
Sold,مباعة
Plot Number,رقم القطعة
Plan Number,رقم المخطط
Valuation,التقييم
Purchase Date,تاريخ الشراء
Purchase Value,قيمة الشراء
Current Market Value,القيمة السوقية الحالية
Agricultural,زراعية
Industrial,صناعية
Raw,خام
Party (Customer),الطرف (عميل)
Annual Amount,المبلغ السنوي
Usufruct,انتفاع
Investment,استثمار
Terms,الشروط
Contracts,العقود
Unit Booking,حجز وحدة
Prospective Tenant (Customer),المستأجر المحتمل (عميل)
Booking Date,تاريخ الحجز
Hold Until,محجوزة حتى
Converted,مُحوّل
Proposed Annual Rent,الإيجار السنوي المقترح
Booking Deposit,عربون الحجز
Converted Lease,العقد المُحوَّل
Convert to Lease,تحويل إلى عقد
Open Lease,فتح العقد
Creating draft lease...,جارٍ إنشاء مسودة العقد...
Customer Statement,كشف حساب العميل
Voucher Type,نوع القيد
Voucher,القيد
Debit,مدين
Credit,دائن
Balance,الرصيد
Opening Balance,الرصيد الافتتاحي
Finance,المالية
Property Expense,مصروف عقار
Unit (optional),الوحدة (اختياري)
Expense Date,تاريخ المصروف
Amount & Accounts,المبلغ والحسابات
Expense Account,حساب المصروف
Paid From (Bank/Cash),مدفوع من (بنك/نقد)
Beneficiary (Supplier),المستفيد (مورّد)
Utilities,مرافق
Security,أمن
Insurance,تأمين
Government Fees,رسوم حكومية
Management,إدارة
Journal Entry,قيد يومية
Land Revenue,إيراد أرض
Land Expense,مصروف أرض
Revenue Date,تاريخ الإيراد
Received In (Bank/Cash),مُستلم في (بنك/نقد)
Payer (Customer),الدافع (عميل)
Investment Yield,عائد استثمار
Telecom Tower,برج اتصالات
Billboard,لوحة إعلانية
Agriculture,زراعة
Municipal Fees,رسوم بلدية
Zakat,زكاة
Fencing,تسوير
Guarding,حراسة
Import Leases,استيراد العقود
Import Lease Contracts,استيراد عقود الإيجار
Upload an Excel (.xlsx). Each row creates a Draft lease you can review then activate.,ارفع ملف Excel (.xlsx). كل صف يُنشئ مسودة عقد تراجعها ثم تعتمدها.
Required columns (first row = header):,الأعمدة المطلوبة (الصف الأول = العناوين):
unit = the unit's ID; contract_type = Residential/Commercial (سكني/تجاري); dates = YYYY-MM-DD; billing_cycle = Monthly/Quarterly/Semi-Annual/Annual. tenant_name + unit are required.,unit = معرّف الوحدة؛ contract_type = سكني/تجاري؛ التواريخ = سنة-شهر-يوم؛ billing_cycle = شهري/ربعي/نصف سنوي/سنوي. الاسم والوحدة مطلوبان.
Download Template,تحميل القالب
Upload & Import,رفع واستيراد
Importing…,جارٍ الاستيراد…
Created {0} draft lease(s).,تم إنشاء {0} مسودة عقد.
{0} row(s) failed:,فشل {0} صف:
Row,الصف
Error,الخطأ
Import failed.,فشل الاستيراد.
Importing leases...,جارٍ استيراد العقود...
The file is empty or has only a header row.,الملف فارغ أو يحوي صف العناوين فقط.
Missing required columns: tenant_name and unit.,أعمدة مطلوبة ناقصة: tenant_name و unit.
Owner Statement,كشف حساب المالك
Management Fee,رسوم الإدارة
Net Paid to Owner,صافي المدفوع للمالك
Net Payout,صافي المستحق
Fee %,نسبة الرسوم %
Post Update,نشر تحديث
Conversation,المحادثة
My Requests,طلباتي
No requests yet.,لا توجد طلبات بعد.
No messages yet.,لا توجد رسائل بعد.
Write a reply...,اكتب رداً...
Send,إرسال
Could not send.,تعذّر الإرسال.
Photo,صورة
Updates,التحديثات
From Tenant (Portal),من المستأجر (البوابة)
Posted On,نُشر في
Author,الكاتب
Property Finance,ماليّة العقار
Total Income,إجمالي الدخل
Total Expense,إجمالي المصروف
Net Profit,صافي الربح
Income vs Expense (12 months),الدخل مقابل المصروف (12 شهراً)
Nothing recorded for this period.,لا يوجد تسجيل لهذه الفترة.
Select a property to see its finances.,اختر عقاراً لعرض ماليّته.
Income,دخل
Expense,مصروف
Auto-renew is ON.,التجديد التلقائي مُفعّل.
Auto-renew is OFF — contact the tenant to renew.,التجديد التلقائي مُعطّل — تواصل مع المستأجر للتجديد.
Lease {0} for {1} (property {2}) expires on {3} — in {4} days. {5},عقد الإيجار {0} للمستأجر {1} (عقار {2}) ينتهي في {3} — خلال {4} يوماً. {5}
Lease expiring soon,عقد يقارب الانتهاء
Reminder: {0} has an outstanding balance of {1} on lease {2}.,تذكير: على {0} مبلغ مستحق {1} في عقد الإيجار {2}.
Overdue rent,إيجار متأخر
Automated Notifications,إشعارات تلقائية
Enable Renewal & Collection Notifications,تفعيل إشعارات التجديد والتحصيل
Detail,تفصيل
Collection,تحصيل
Receipt,إيصال
System,النظام
Preview,معاينة
Loading...,جارٍ التحميل...
Lease Preview — {0},معاينة العقد — {0}
Property Preview — {0},معاينة العقار — {0}
Term,المدة
Hijri,هجري
No units,لا وحدات
No schedule yet,لا يوجد جدول بعد
Occupancy,الإشغال
Print,طباعة
Property Building,مبنى العقار
Building View,عرض المبنى
Ground,الأرضي
Floor {0},الطابق {0}
m²,م²
rooms,غرف
baths,حمامات
No tenant,لا مستأجر
This property has no units yet.,لا توجد وحدات لهذا العقار بعد.
Select a property to see its building.,اختر عقاراً لعرض مبناه.
Unit {0},الوحدة {0}
Owner Portal,بوابة المالك
Your account is not linked to an owner yet. Please contact the property office.,حسابك غير مرتبط بمالك بعد. يرجى التواصل مع مكتب العقار.
Total Paid to You,إجمالي المدفوع لك
My Properties,عقاراتي
No properties found.,لا توجد عقارات.
Payout History,سجل المدفوعات
No payouts yet.,لا مدفوعات بعد.
Please log in to access the owner portal.,يرجى تسجيل الدخول للوصول إلى بوابة المالك.
Your account is not linked to an owner.,حسابك غير مرتبط بمالك.
Auto-draft Renewals (auto-renew leases),صياغة تجديدات تلقائية (عقود التجديد التلقائي)
Contractor Portal,بوابة المقاول
Your account is not linked to a contractor yet. Please contact the property office.,حسابك غير مرتبط بمقاول بعد. يرجى التواصل مع مكتب العقار.
Your assigned maintenance work orders. Update the status as you progress.,أوامر الصيانة المسندة إليك. حدّث الحالة أثناء التقدّم.
Scheduled,مجدول
No work orders assigned.,لا أوامر عمل مسندة.
Saved,تم الحفظ
Expiring Leases,عقود تقارب الانتهاء
Within Days,خلال أيام
Auto-renew only,ذاتية التجديد فقط
Days Left,الأيام المتبقية
Renewal Drafted,مسودة تجديد
Work Orders,أوامر العمل
Move-out Inspection,فحص الإخلاء
Inspection,الفحص
Area / Item,المنطقة / البند
Note,ملاحظة
Suggested Charge,الرسم المقترح
Charged,محتسب
Pull Inspection Charges,سحب رسوم الفحص
Pulling charges...,جارٍ السحب...
Added {0} deduction(s),أُضيف {0} خصم
No new charges to pull,لا رسوم جديدة للسحب
Deposit Deduction Income Account,حساب إيراد خصومات الوديعة
Only a draft termination can be edited.,لا يمكن التعديل إلا على إنهاء مسودة.
Set the Deposit Deduction Income Account in Real Estate Settings first.,عيّن حساب إيراد خصومات الوديعة في إعدادات العقارات أولاً.
Damaged,متضرر
Missing,مفقود
Fair,مقبول
Walls,جدران
Kitchen,مطبخ
Bathroom,حمام
AC & Cooling,تكييف وتبريد
Electrical,كهرباء
Plumbing,سباكة
Doors & Windows,أبواب ونوافذ
Furniture,أثاث
Keys,مفاتيح
Meters,عدّادات
General,عام
(mirrored to all {0} floors),(منسوخ إلى كل الطوابق {0})
A Tenant VAT Number is required for a Commercial lease.,الرقم الضريبي للمستأجر مطلوب للعقد التجاري.
A converted booking cannot be cancelled — cancel its lease instead.,لا يمكن إلغاء حجز تم تحويله — ألغِ عقد الإيجار بدلاً من ذلك.
A deposit has already been recorded for this lease.,تم تسجيل تأمين لهذا العقد مسبقًا.
A head-lease schedule applies only to Master-Lease (استثماري) properties.,جدول العقد الرئيسي يسري فقط على العقارات الاستثمارية (تأجير من الباطن).
Add at least one unit to the contract.,أضف وحدة واحدة على الأقل إلى العقد.
All units on a contract must belong to the same property.,يجب أن تتبع كل وحدات العقد نفس العقار.
Amount must be greater than zero.,يجب أن يكون المبلغ أكبر من صفر.
Annual,سنوي
Annual Escalation % must be greater than -100.,نسبة الزيادة السنوية يجب أن تكون أكبر من -100.
"Cancel or credit the issued Sales Invoice(s) first, or use Terminate instead.",ألغِ الفواتير الصادرة أو أصدر إشعارًا دائنًا أولًا، أو استخدم الإنهاء بدلاً من الإلغاء.
Cannot delete a Posted owner payout while its Journal Entry {0} is still submitted — the owner would be paid twice on the next run. Cancel the Journal Entry first (that reverses the GL and marks this payout Cancelled).,لا يمكن حذف دفعة مالك مرحّلة وقيدها اليومي {0} ما زال معتمدًا — سيُدفع للمالك مرتين في التشغيل القادم. ألغِ القيد اليومي أولًا (فيُعكس الأثر المحاسبي وتتحول الدفعة إلى ملغاة).
Charge Type {0} is not active.,نوع الرسم {0} غير مفعّل.
Charge Type {0} uses the Rent Service Item ({1}). Charges must carry their own Service Item so charge cash is never counted as rent for the owner payout.,نوع الرسم {0} يستخدم صنف الإيجار ({1}). يجب أن يكون لكل رسم صنف خدمة خاص به حتى لا تُحتسب مبالغ الرسوم إيجارًا في دفعة المالك.
Charge amount must be greater than zero (Charge Type {0}).,مبلغ الرسم يجب أن يكون أكبر من صفر (نوع الرسم {0}).
Charge period {0} is no longer awaiting a reading (already captured or invoiced). Refresh and pick the correct period.,فترة الرسم {0} لم تعد بانتظار قراءة (سُجّلت أو فُوترت). حدّث الصفحة واختر الفترة الصحيحة.
Charged {0} late fee(s),تم فرض {0} غرامة تأخير
Charges,الرسوم
Charges for lease {0},رسوم عقد الإيجار {0}
Collected (month),المحصّل (الشهر)
Collection Rate,نسبة التحصيل
Company is required.,الشركة مطلوبة.
Computed owner payout is zero.,دفعة المالك المحسوبة تساوي صفرًا.
Contractor bill posted.,تم ترحيل فاتورة المقاول.
Could not load the building view. Check the property and try again.,تعذّر تحميل عرض المبنى. تحقق من العقار وحاول مجددًا.
Could not load the finance view. Check the filters and try again.,تعذّر تحميل العرض المالي. تحقق من عوامل التصفية وحاول مجددًا.
Created invoice(s): {0},تم إنشاء الفواتير: {0}
Created {0} charge invoice(s),تم إنشاء {0} فاتورة رسوم
Created {0} invoice(s),تم إنشاء {0} فاتورة
Created {0} period(s),تم إنشاء {0} فترة
Created {0} purchase invoice(s),تم إنشاء {0} فاتورة شراء
Created {0} unit(s),تم إنشاء {0} وحدة
Creating units...,جارٍ إنشاء الوحدات...
Credit Note {0} (lease termination) is issued against this invoice — cancel it first.,الإشعار الدائن {0} (إنهاء عقد) صادر مقابل هذه الفاتورة — ألغِه أولًا.
Credit for unused rent ({0} to {1}) — lease {2} terminated {3}; against {4},إشعار دائن عن إيجار غير مستخدم ({0} إلى {1}) — العقد {2} أُنهي في {3}؛ مقابل {4}
"Current reading {0} is below the previous reading {1}. If the meter was replaced or rolled over, tick 'Meter Replaced'.",القراءة الحالية {0} أقل من القراءة السابقة {1}. إن كان العداد قد استُبدل أو تجاوز حده، فعّل خيار «استبدال العداد».
Customer,العميل
Customize each unit,تخصيص كل وحدة
Deposit amount must be greater than zero.,مبلغ التأمين يجب أن يكون أكبر من صفر.
Deposit settlement — Lease {0},تسوية التأمين — العقد {0}
Draft rent invoice(s) {0} cover periods affected by this termination. Submit or delete them first.,فواتير إيجار مسودة {0} تغطي فترات يشملها هذا الإنهاء. اعتمدها أو احذفها أولًا.
Each deduction needs an Income Account.,كل استقطاع يحتاج إلى حساب إيراد.
End Date cannot be before Start Date.,تاريخ النهاية لا يمكن أن يسبق تاريخ البداية.
End Date must be after Start Date.,تاريخ النهاية يجب أن يكون بعد تاريخ البداية.
Expected (month),المتوقع (الشهر)
Follow-up & Activity,المتابعة والنشاط
From Date must be on or before To Date.,تاريخ البداية يجب أن يكون في تاريخ النهاية أو قبله.
Generate Charge Invoices,توليد فواتير الرسوم
Generating charge invoices...,جارٍ توليد فواتير الرسوم...
Generating invoices...,جارٍ توليد الفواتير...
Head Lease Schedule {0} has no head landlord.,جدول العقد الرئيسي {0} بلا مالك رئيسي.
Head-lease {0} ({1} to {2}),عقد رئيسي {0} ({1} إلى {2})
Hold-until date cannot be before the booking date.,تاريخ انتهاء الحجز لا يمكن أن يسبق تاريخ الحجز.
Invalid photo reference.,مرجع الصورة غير صالح.
Invalid status.,حالة غير صالحة.
Land expense — {0} · {1},مصروف أرض — {0} · {1}
Land revenue — {0} · {1},إيراد أرض — {0} · {1}
"Late fee — period {0}, due {1}",غرامة تأخير — الفترة {0}، الاستحقاق {1}
Lease Termination {0} already exists for this lease.,يوجد إنهاء عقد {0} مسجل لهذا العقد مسبقًا.
Lease {0} not found.,العقد {0} غير موجود.
Maintenance {0},صيانة {0}
Monthly,شهري
No Cost Center found for company {0}. Set a default Cost Center on the Company (or a matching one in Real Estate Settings) before posting.,لا يوجد مركز تكلفة للشركة {0}. عيّن مركز تكلفة افتراضيًا على الشركة (أو مركزًا مطابقًا في إعدادات العقارات) قبل الترحيل.
No company configured — set one in Real Estate Settings.,لا توجد شركة مهيأة — عيّنها في إعدادات العقارات.
No data,لا توجد بيانات
No matching Business Type found — seed RE Business Type (residential/commercial) first.,لا يوجد نوع نشاط مطابق — أنشئ أنواع النشاط العقاري (سكني/تجاري) أولًا.
No open (Awaiting Reading) charge period found for this meter/charge.,لا توجد فترة رسم مفتوحة (بانتظار قراءة) لهذا العداد/الرسم.
No pending fee charges,لا توجد رسوم معلقة
"No rent was collected for this property in the selected period (owner payout is cash-basis — paid on collected rent, not merely invoiced).",لم يُحصَّل إيجار لهذا العقار في الفترة المحددة (دفعة المالك على الأساس النقدي — تُدفع من الإيجار المحصّل لا المفوتر فقط).
Not permitted for this company.,غير مصرّح لهذه الشركة.
Number of units must be between 1 and 500.,عدد الوحدات يجب أن يكون بين 1 و500.
Only Customer charges can be posted to a Sales Invoice for now.,حاليًا تُرحّل رسوم العملاء فقط إلى فاتورة مبيعات.
Only an Active lease can be terminated (this lease is {0}).,لا يُنهى إلا عقد نشط (حالة هذا العقد: {0}).
Only an active reservation can be converted.,لا يُحوّل إلا حجز نشط.
Open Contractor Bill,فتح فاتورة المقاول
Opening balance for imported lease {0},رصيد افتتاحي لعقد مستورد {0}
Opening balance — imported lease {0},رصيد افتتاحي — عقد مستورد {0}
Overview,نظرة عامة
Owner payout applies only to Managed (إدارة أملاك) properties.,دفعة المالك تسري فقط على عقارات إدارة الأملاك.
Owner payout {0} already covers {1} to {2} for this property — periods must not overlap.,دفعة المالك {0} تغطي بالفعل {1} إلى {2} لهذا العقار — لا يجوز تداخل الفترات.
Owner payout {0} posted ({1}),تم ترحيل دفعة المالك {0} ({1})
"Owner payout — {0} ({1} to {2}), fee {3}%",دفعة المالك — {0} ({1} إلى {2})، العمولة {3}%
Performance,الأداء
Please log in to access the portal.,الرجاء تسجيل الدخول للوصول إلى البوابة.
Please log in to access the tenant portal.,الرجاء تسجيل الدخول للوصول إلى بوابة المستأجر.
Post,ترحيل
Post Contractor Bill,ترحيل فاتورة المقاول
Post the contractor bill only when the work order is Done.,رحّل فاتورة المقاول فقط عند اكتمال أمر العمل.
Posting bills...,جارٍ ترحيل الفواتير...
Posting contractor bill...,جارٍ ترحيل فاتورة المقاول...
Posting fee charges...,جارٍ ترحيل الرسوم...
Posting late fees...,جارٍ ترحيل غرامات التأخير...
Posting...,جارٍ الترحيل...
Property expense — {0} · {1},مصروف عقار — {0} · {1}
Property not found.,العقار غير موجود.
Property {0} already uses deed number {1}.,العقار {0} يستخدم رقم الصك {1} بالفعل.
Quarterly,ربع سنوي
Real Estate Command Center,مركز قيادة العقارات
Real Estate Settings is set for company {0} but this charge is for {1}.,إعدادات العقارات مضبوطة للشركة {0} بينما هذا الرسم للشركة {1}.
Real Estate Settings is set for company {0} but this lease is for {1}; one site currently supports a single company.,إعدادات العقارات مضبوطة للشركة {0} بينما هذا العقد للشركة {1}؛ الموقع يدعم حاليًا شركة واحدة.
Refund amount must be greater than zero.,مبلغ الاسترداد يجب أن يكون أكبر من صفر.
Refund exceeds the held deposit balance.,الاسترداد يتجاوز رصيد التأمين المحتجز.
Rent Scheduled (12 months),الإيجار المجدول (12 شهرًا)
"Rent for lease {0}, period {1} to {2}",إيجار العقد {0}، الفترة {1} إلى {2}
Rent {0} ({1} to {2}),إيجار {0} ({1} إلى {2})
Request not found.,الطلب غير موجود.
Reset from default,إعادة الضبط من الافتراضي
Security deposit received — Lease {0},استلام تأمين — العقد {0}
Security deposit refund — Lease {0},استرداد تأمين — العقد {0}
Set Default Rent Item and Rent Income Account in Real Estate Settings.,عيّن صنف الإيجار الافتراضي وحساب إيراد الإيجار في إعدادات العقارات.
Set a Commercial Tax Template in Real Estate Settings before billing charges on a commercial lease (ZATCA requires 15% VAT).,عيّن قالب الضريبة التجاري في إعدادات العقارات قبل فوترة رسوم عقد تجاري (تتطلب زاتكا ضريبة 15%).
Set a Commercial Tax Template in Real Estate Settings before invoicing a commercial lease (ZATCA requires 15% VAT).,عيّن قالب الضريبة التجاري في إعدادات العقارات قبل فوترة عقد تجاري (تتطلب زاتكا ضريبة 15%).
Set a Default Payable Account on the company.,عيّن حساب الدائنين الافتراضي على الشركة.
Set a Default Rent Item in Real Estate Settings first.,عيّن صنف الإيجار الافتراضي في إعدادات العقارات أولًا.
Set a Head-Lease Item in Real Estate Settings.,عيّن صنف العقد الرئيسي في إعدادات العقارات.
Set a Maintenance Expense Account in Real Estate Settings before billing a work order.,عيّن حساب مصروف الصيانة في إعدادات العقارات قبل فوترة أمر العمل.
Set a Maintenance Item in Real Estate Settings before billing a work order.,عيّن صنف الصيانة في إعدادات العقارات قبل فوترة أمر العمل.
Set a Service Item on Charge Type {0} before billing it.,عيّن صنف خدمة على نوع الرسم {0} قبل فوترته.
Set a Service Item on Charge Type {0} before posting its charges.,عيّن صنف خدمة على نوع الرسم {0} قبل ترحيل رسومه.
Set a positive Management Fee % on the property (a managed property keeps a fee).,عيّن نسبة عمولة إدارة موجبة على العقار (عقار الإدارة يحتفظ بعمولة).
Set an Opening Balance Account in Real Estate Settings before importing a contract with an outstanding balance.,عيّن حساب الرصيد الافتتاحي في إعدادات العقارات قبل استيراد عقد عليه رصيد مستحق.
"Set head landlord, annual rent, start/end dates and billing cycle first.",عيّن المالك الرئيسي والإيجار السنوي وتاريخي البداية والنهاية ودورة الفوترة أولًا.
Set the Contractor (Supplier) on the work order first.,عيّن المقاول (المورد) على أمر العمل أولًا.
Set the Default Rent Item in Real Estate Settings (used to identify rent lines for the owner payout).,عيّن صنف الإيجار الافتراضي في إعدادات العقارات (يُستخدم لتمييز أسطر الإيجار في دفعة المالك).
Set the Owner (Supplier) on the property first.,عيّن المالك (المورد) على العقار أولًا.
Set the Owner Payout Expense Account in Real Estate Settings.,عيّن حساب مصروف دفعات الملاك في إعدادات العقارات.
Set the Refund account (net refund is {0}).,عيّن حساب الاسترداد (صافي الاسترداد {0}).
Set the Rent Income Account in Real Estate Settings (used to separate rent cash from other charges).,عيّن حساب إيراد الإيجار في إعدادات العقارات (يُستخدم لفصل نقد الإيجار عن بقية الرسوم).
Set the Tenant Security Deposit Account in Real Estate Settings.,عيّن حساب تأمينات المستأجرين في إعدادات العقارات.
"Settling Payment Entry {0} covering this period was cancelled — collected rent fell, so this owner payout may be over-paid. Review and adjust the next payout.",أُلغي سند القبض {0} الذي كان يغطي هذه الفترة — انخفض الإيجار المحصّل وقد تكون دفعة المالك هذه زائدة. راجعها وسوِّ الفرق في الدفعة القادمة.
Snapshot,لمحة سريعة
Status,الحالة
Tenant VAT Number must be 15 digits starting and ending with 3 (ZATCA format).,الرقم الضريبي للمستأجر يجب أن يكون 15 رقمًا يبدأ وينتهي بـ3 (صيغة زاتكا).
Termination Date must fall inside the lease term ({0} to {1}).,تاريخ الإنهاء يجب أن يقع داخل مدة العقد ({0} إلى {1}).
The attached photo could not be verified.,تعذّر التحقق من الصورة المرفقة.
The land contract belongs to a different land.,عقد الأرض يعود لأرض مختلفة.
The selected unit does not belong to this property.,الوحدة المختارة لا تتبع هذا العقار.
Total deductions exceed the held deposit. Handle the excess as a separate charge.,إجمالي الاستقطاعات يتجاوز التأمين المحتجز. عالج الفائض كرسم مستقل.
Unit {0} already has a contract ({1}) covering this period.,الوحدة {0} عليها عقد ({1}) يغطي هذه الفترة بالفعل.
Unit {0} already has an active reservation ({1}).,الوحدة {0} عليها حجز نشط ({1}) بالفعل.
Unit {0} is already leased under active contract {1} for an overlapping period.,الوحدة {0} مؤجرة بالفعل بعقد نشط {1} لفترة متداخلة.
Unit {0} is not available (status: {1}).,الوحدة {0} غير متاحة (الحالة: {1}).
Unit {0} is not available.,الوحدة {0} غير متاحة.
Unit {0} not found.,الوحدة {0} غير موجودة.
Unused rent {0} to {1},إيجار غير مستخدم {0} إلى {1}
Work order not found.,أمر العمل غير موجود.
Work order total cost is zero — nothing to bill.,إجمالي تكلفة أمر العمل صفر — لا شيء للفوترة.
Write a message or attach a photo.,اكتب رسالة أو أرفق صورة.
You are not permitted to post in company {0}.,غير مصرّح لك بالترحيل في الشركة {0}.
You do not have access to this property's company.,لا تملك صلاحية على شركة هذا العقار.
You do not have access to this request.,لا تملك صلاحية على هذا الطلب.
You do not have access to this work order.,لا تملك صلاحية على أمر العمل هذا.
Your account is not linked to a tenant.,حسابك غير مرتبط بمستأجر.
Your account is not linked to a {0}.,حسابك غير مرتبط بـ{0}.
contractor,مقاول
owner,مالك
{0} ({1} to {2}),{0} ({1} إلى {2})
1. Revenues (cash collected),1. الإيرادات (النقد المحصّل)
15% VAT + ZATCA,ضريبة 15% + زاتكا
1–30 days,1–30 يومًا
2. Expenses,2. المصروفات
3. Deductions,3. الاستقطاعات
31–60 days,31–60 يومًا
4. Transfers to Owner,4. التحويلات للمالك
61–90 days,61–90 يومًا
90+ days,أكثر من 90 يومًا
Account,الحساب
Added {0} checklist item(s),أُضيف {0} عنصرًا لقائمة الجرد
Address & Location,العنوان والموقع
Checklist already loaded (or no handover snapshot),قائمة الجرد محمّلة مسبقًا (أو لا توجد لقطة تسليم)
Credit note returned to tenant,إشعار دائن مُعاد للمستأجر
Current (not due),جارٍ (غير مستحق)
Exempt from VAT,معفى من الضريبة
Expenses,المصروفات
Load Handover Checklist,تحميل قائمة جرد التسليم
Loading checklist...,جارٍ تحميل القائمة...
Management fee {0}% ({1} to {2}),عمولة إدارة {0}% ({1} إلى {2})
Net,الصافي
Net Due to Owner,صافي مستحق المالك
Net due to owner (صافي مستحق للمالك),صافي مستحق المالك
No real-estate accounts are configured in Real Estate Settings yet.,لم تُهيأ حسابات العقارات في إعدادات العقارات بعد.
Opening balance due to owner,رصيد افتتاحي مستحق للمالك
Paid to Owner,المدفوع للمالك
Paid to owner,مدفوع للمالك
Payment Method,طريقة الدفع
Payment Property {0} does not match the invoices' property {1}.,عقار الدفعة {0} لا يطابق عقار الفواتير {1}.
Payout accrued to owner,دفعة مستحقة للمالك
Property Kind,نوع العقار
Property Status,حالة العقار
"Property identity: name, code, deed, kind & usage.",هوية العقار: الاسم والرمز والصك والنوع والاستخدام.
Property {0} does not belong to owner {1}.,العقار {0} لا يعود للمالك {1}.
Qty must be at least 1.,الكمية يجب أن تكون 1 على الأقل.
Ready,جاهز
Real Estate Dimension Check,فحص الأبعاد العقارية
"Real-estate payments must state a Mode of Payment (طريقة الدفع) — cash, transfer, cheque or POS — so statements can show how the money moved.",دفعات العقارات يجب أن تحدد طريقة الدفع — نقدًا أو تحويلًا أو شيكًا أو نقاط بيع — لتُظهر الكشوف كيفية انتقال المال.
Revenue,الإيراد
Revenues (collected),الإيرادات (المحصّلة)
"Row {0}: Unit {1} belongs to property {2}, not {3}.",الصف {0}: الوحدة {1} تتبع العقار {2} لا {3}.
Row {0}: this is a real-estate row ({1}) — set the Property dimension.,الصف {0}: هذا صف عقاري ({1}) — عيّن بُعد العقار.
Section,القسم
Service Charges,رسوم الخدمات
This payment settles real-estate invoice(s) of {0} — set the Property dimension on the payment.,هذه الدفعة تسدد فواتير عقارية لـ{0} — عيّن بُعد العقار على الدفعة.
Total Area,المساحة الإجمالية
Total — {0},الإجمالي — {0}
Under Construction,تحت الإنشاء
Unit Readiness,جاهزية الوحدة
Unit not found.,الوحدة غير موجودة.
"Unit {0} — property {1} — leased to {2} ({3}, {4} to {5}).",الوحدة {0} — العقار {1} — مؤجرة لـ{2} ({3}، من {4} إلى {5}).
Unit {0} — property {1} — no active lease (status: {2}).,الوحدة {0} — العقار {1} — بلا عقد نشط (الحالة: {2}).
Unknown,غير معروف
Usage Type,نوع الاستخدام
unit-tagged,موسوم بالوحدة
Market rent set,السعر السوقي محدد
Utility meters recorded,العدادات مسجلة
Furniture & fixtures registered,الأثاث والتجهيزات مسجلة
Photos attached,الصور مرفقة
